step,total,ranking,flops_q,flops_d,lambda,p_q,p_d
100,69.69046783447266,69.68785095214844,95.22211456298828,166.1547393798828,1e-05,9.94575309753418,9.944662094116211
200,31.89142608642578,31.8876895904541,71.47724151611328,115.35816192626953,2e-05,9.90713882446289,9.911890029907227
300,42.49588394165039,42.49138641357422,60.176849365234375,89.81009674072266,3e-05,9.879839897155762,9.891901969909668
400,28.336645126342773,28.33043670654297,62.894229888916016,92.31639862060547,4e-05,9.8513822555542,9.869976043701172
500,33.24024963378906,33.23211669921875,63.90611267089844,98.72694396972656,5e-05,9.827571868896484,9.84952163696289
600,21.851146697998047,21.84180450439453,61.29140853881836,94.41072082519531,6e-05,9.80635929107666,9.837318420410156
700,32.034481048583984,32.02333068847656,64.12767791748047,95.17173767089844,7.000000000000001e-05,9.787727355957031,9.8206205368042
800,21.65496826171875,21.642208099365234,63.011417388916016,96.49385833740234,8e-05,9.767387390136719,9.810215950012207
900,29.855972290039062,29.841012954711914,66.85501098632812,99.34889221191406,8.999999999999999e-05,9.742259979248047,9.791414260864258
1000,14.147687911987305,14.131206512451172,67.90750122070312,96.9005126953125,0.0001,9.721222877502441,9.776135444641113
1100,20.578893661499023,20.560874938964844,66.44690704345703,97.36265563964844,0.00011,9.704480171203613,9.766921997070312
1200,14.243061065673828,14.22386360168457,62.79203796386719,97.18822479248047,0.00012,9.68426513671875,9.750746726989746
1300,24.87697982788086,24.855731964111328,66.01195526123047,97.43799591064453,0.00013000000000000002,9.663993835449219,9.73228645324707
1400,16.314504623413086,16.292510986328125,64.15298461914062,92.94185638427734,0.00014000000000000001,9.647002220153809,9.71889591217041
1500,12.95375919342041,12.92885971069336,67.01576232910156,98.98127746582031,0.00015,9.628482818603516,9.707724571228027
1600,18.495874404907227,18.468135833740234,66.99032592773438,106.36788177490234,0.00016,9.605034828186035,9.688931465148926
1700,26.147031784057617,26.118961334228516,65.60088348388672,99.51998138427734,0.00017,9.589481353759766,9.677130699157715
1800,20.59282684326172,20.563684463500977,65.18434143066406,96.7132568359375,0.00017999999999999998,9.570018768310547,9.660958290100098
1900,21.918607711791992,21.886423110961914,66.95449829101562,102.43826293945312,0.00019,9.552326202392578,9.650374412536621
2000,23.916152954101562,23.882295608520508,65.06202697753906,104.22474670410156,0.0002,9.53857707977295,9.641043663024902
2100,15.751726150512695,15.716805458068848,66.36345672607422,99.92781066894531,0.00021,9.522211074829102,9.628012657165527
2200,18.928871154785156,18.89311981201172,67.45020294189453,95.05419921875,0.00022,9.501385688781738,9.614320755004883
2300,17.949478149414062,17.910327911376953,67.95954895019531,102.25836181640625,0.00023,9.4850492477417,9.602709770202637
2400,15.313517570495605,15.271320343017578,70.19051361083984,105.63079833984375,0.00024,9.473832130432129,9.596545219421387
2500,29.263811111450195,29.221229553222656,65.83041381835938,104.49116516113281,0.00025,9.458281517028809,9.58189868927002
2600,13.26195240020752,13.219889640808105,64.9610366821289,96.82060241699219,0.00026000000000000003,9.438955307006836,9.569473266601562
2700,19.425107955932617,19.381771087646484,63.16905975341797,97.33905029296875,0.00027,9.422287940979004,9.55776596069336
2800,15.74235725402832,15.699652671813965,62.782005310058594,89.73526000976562,0.00028000000000000003,9.41090202331543,9.552108764648438
2900,10.614384651184082,10.567583084106445,63.939300537109375,97.44509887695312,0.00029,9.3975191116333,9.540185928344727
3000,15.06004810333252,15.011719703674316,62.5743522644043,98.52195739746094,0.0003,9.38607406616211,9.532624244689941
3100,18.938030242919922,18.88688087463379,63.01903533935547,101.9827880859375,0.00031,9.37486743927002,9.527176856994629
3200,17.201204299926758,17.147554397583008,63.69935989379883,103.95829772949219,0.00032,9.361658096313477,9.516499519348145
3300,11.798897743225098,11.747489929199219,62.596622467041016,93.18582153320312,0.00033,9.346122741699219,9.503791809082031
3400,12.513710975646973,12.458118438720703,64.18084716796875,99.32891845703125,0.00034,9.333048820495605,9.49171257019043
3500,11.903470039367676,11.844304084777832,65.24090576171875,103.80354309082031,0.00035,9.315995216369629,9.477128028869629
3600,17.8539981842041,17.793386459350586,63.59955596923828,104.76890563964844,0.00035999999999999997,9.306297302246094,9.468928337097168
3700,16.198963165283203,16.136133193969727,64.15495300292969,105.65550231933594,0.00037,9.290393829345703,9.455894470214844
3800,17.8096981048584,17.750144958496094,64.24847412109375,92.47184753417969,0.00038,9.274063110351562,9.44559097290039
3900,13.177481651306152,13.106796264648438,66.36614227294922,114.87743377685547,0.00039000000000000005,9.259540557861328,9.434990882873535
4000,10.504547119140625,10.436555862426758,63.88526916503906,106.0936279296875,0.0004,9.246310234069824,9.42510986328125
4100,9.734519004821777,9.664896011352539,61.7109375,108.09959411621094,0.00041,9.229117393493652,9.412890434265137
4200,16.1801700592041,16.11249542236328,63.19040298461914,97.93623352050781,0.00042,9.221253395080566,9.407299995422363
4300,13.669668197631836,13.599693298339844,61.564205169677734,101.16602325439453,0.00043,9.207454681396484,9.401984214782715
4400,14.401057243347168,14.330657958984375,63.17392349243164,96.82381439208984,0.00044,9.194099426269531,9.391826629638672
4500,8.453544616699219,8.381346702575684,61.51414489746094,98.92605590820312,0.00045000000000000004,9.178569793701172,9.382373809814453
4600,6.1917829513549805,6.1146745681762695,63.027000427246094,104.59980773925781,0.00046,9.165417671203613,9.375475883483887
4700,15.869035720825195,15.790088653564453,59.60478210449219,108.36839294433594,0.00047,9.155570983886719,9.3673734664917
4800,12.152517318725586,12.067626953125,62.56404495239258,114.29066467285156,0.00048,9.139911651611328,9.358925819396973
4900,17.179006576538086,17.09709930419922,62.118202209472656,105.04035949707031,0.00049,9.125601768493652,9.346564292907715
5000,10.815145492553711,10.734947204589844,59.973365783691406,100.42411804199219,0.0005,9.119413375854492,9.34281063079834
5100,7.1927690505981445,7.111276149749756,60.515506744384766,99.2745590209961,0.00051,9.103809356689453,9.33414077758789
5200,13.302408218383789,13.218299865722656,59.95918655395508,101.78792572021484,0.0005200000000000001,9.085947036743164,9.323365211486816
5300,8.27238941192627,8.18880844116211,61.40766143798828,96.29200744628906,0.0005300000000000001,9.073600769042969,9.315068244934082
5400,14.770544052124023,14.682998657226562,61.58488464355469,100.53684997558594,0.00054,9.059048652648926,9.302093505859375
5500,10.713129043579102,10.620649337768555,60.258750915527344,107.88726043701172,0.00055,9.046768188476562,9.293025016784668
5600,9.904716491699219,9.808523178100586,62.6236572265625,109.15008544921875,0.0005600000000000001,9.035069465637207,9.284205436706543
5700,13.54632568359375,13.446688652038574,62.8751220703125,111.92672729492188,0.00057,9.023666381835938,9.276690483093262
5800,8.368297576904297,8.272754669189453,61.995426177978516,102.73340606689453,0.00058,9.009263038635254,9.264799118041992
5900,14.026347160339355,13.926876068115234,60.857139587402344,107.73695373535156,0.00059,8.996959686279297,9.255196571350098
6000,12.616243362426758,12.512994766235352,60.395103454589844,111.68716430664062,0.0006,8.981565475463867,9.244294166564941
6100,14.002741813659668,13.901067733764648,59.16463088989258,107.51333618164062,0.00061,8.970416069030762,9.233454704284668
6200,18.10151481628418,17.991077423095703,60.02930450439453,118.09581756591797,0.00062,8.960244178771973,9.228803634643555
6300,9.351404190063477,9.244171142578125,60.259437561035156,109.95130920410156,0.00063,8.945069313049316,9.217520713806152
6400,17.113521575927734,17.00879669189453,59.389915466308594,104.24166870117188,0.00064,8.935102462768555,9.208008766174316
6500,14.21729564666748,14.11362075805664,56.6776237487793,102.8226318359375,0.0006500000000000001,8.928266525268555,9.201604843139648
6600,14.56751537322998,14.458151817321777,59.31144714355469,106.39085388183594,0.00066,8.912294387817383,9.190593719482422
6700,8.426983833312988,8.316427230834961,59.031211853027344,105.97893524169922,0.00067,8.899945259094238,9.184103012084961
6800,10.383465766906738,10.275144577026367,57.87834930419922,101.41743469238281,0.00068,8.887096405029297,9.173152923583984
6900,14.53685188293457,14.432376861572266,57.94371795654297,93.46939849853516,0.00069,8.876274108886719,9.166295051574707
7000,6.8077545166015625,6.697237968444824,57.14335632324219,100.73696899414062,0.0007,8.864240646362305,9.160856246948242
7100,15.210543632507324,15.101503372192383,55.71368408203125,97.86479187011719,0.00071,8.851727485656738,9.152915000915527
7200,11.518180847167969,11.413745880126953,54.32744598388672,90.7210464477539,0.0007199999999999999,8.837940216064453,9.141456604003906
7300,18.267520904541016,18.150115966796875,54.587852478027344,106.24082946777344,0.00073,8.82431697845459,9.134161949157715
7400,11.47317123413086,11.3524169921875,56.369991302490234,106.81217193603516,0.00074,8.8149995803833,9.127294540405273
7500,6.487851619720459,6.361705780029297,54.227569580078125,113.9664306640625,0.00075,8.802165985107422,9.117315292358398
7600,6.970227241516113,6.854602813720703,55.4602165222168,96.67735290527344,0.00076,8.788679122924805,9.107176780700684
7700,10.488872528076172,10.356195449829102,54.98822021484375,117.31906127929688,0.0007700000000000001,8.777475357055664,9.098381996154785
7800,18.163442611694336,18.03462791442871,56.36476135253906,108.78140258789062,0.0007800000000000001,8.765458106994629,9.092386245727539
7900,11.845011711120605,11.727954864501953,54.821380615234375,93.35173797607422,0.00079,8.753873825073242,9.084941864013672
8000,13.614291191101074,13.491762161254883,55.02156066894531,98.13973999023438,0.0008,8.743385314941406,9.078829765319824
8100,8.843730926513672,8.714040756225586,54.94086456298828,105.17042541503906,0.0008100000000000001,8.731963157653809,9.071157455444336
8200,9.696074485778809,9.561101913452148,54.47016906738281,110.13098907470703,0.00082,8.719237327575684,9.064072608947754
8300,16.71335792541504,16.576404571533203,53.79681396484375,111.20852661132812,0.00083,8.71236801147461,9.0589017868042
8400,9.38442611694336,9.24557876586914,52.350677490234375,112.94367980957031,0.00084,8.69990348815918,9.047920227050781
8500,7.636123180389404,7.513115406036377,53.07405090332031,91.64102172851562,0.00085,8.688834190368652,9.035052299499512
8600,7.392053604125977,7.271127700805664,52.117698669433594,88.49375915527344,0.00086,8.674993515014648,9.025214195251465
8700,14.029521942138672,13.89712142944336,52.94362258911133,99.24107360839844,0.00087,8.663993835449219,9.013750076293945
8800,9.908150672912598,9.776165008544922,53.436317443847656,96.54789733886719,0.00088,8.653583526611328,9.00599193572998
8900,8.409198760986328,8.272500991821289,53.13523483276367,100.4576416015625,0.0008900000000000001,8.644612312316895,9.000507354736328
9000,13.260300636291504,13.12727165222168,53.94696807861328,93.86280059814453,0.0009000000000000001,8.634638786315918,8.991933822631836
9100,10.269842147827148,10.139191627502441,53.711585998535156,89.85970306396484,0.00091,8.620912551879883,8.977839469909668
9200,14.485550880432129,14.349769592285156,51.456626892089844,96.13127899169922,0.00092,8.609332084655762,8.973037719726562
9300,11.5281343460083,11.3808012008667,52.480655670166016,105.94146728515625,0.00093,8.600415229797363,8.963678359985352
9400,9.154552459716797,8.991416931152344,54.321746826171875,119.22676086425781,0.00094,8.5894193649292,8.953901290893555
9500,9.295719146728516,9.154867172241211,52.29640197753906,95.96916198730469,0.00095,8.573958396911621,8.941665649414062
9600,21.221908569335938,21.071781158447266,49.68875503540039,106.6937255859375,0.00096,8.564737319946289,8.930774688720703
9700,11.223344802856445,11.077914237976074,49.493186950683594,100.43583679199219,0.0009699999999999999,8.556137084960938,8.925520896911621
9800,18.134939193725586,18.004009246826172,49.8101806640625,83.79132843017578,0.00098,8.540632247924805,8.913198471069336
9900,7.36432409286499,7.204044818878174,50.86778259277344,111.03040313720703,0.00099,8.53292465209961,8.905214309692383
10000,9.593887329101562,9.443007469177246,49.929298400878906,100.95046997070312,0.001,8.521557807922363,8.895981788635254
10100,6.443974494934082,6.282462120056152,49.868690490722656,111.64363098144531,0.001,8.513810157775879,8.88819694519043
10200,11.260400772094727,11.111207962036133,49.90018081665039,99.2929458618164,0.001,8.49791145324707,8.876142501831055
10300,11.48617935180664,11.324548721313477,49.773643493652344,111.85701751708984,0.001,8.486982345581055,8.870295524597168
10400,6.1311354637146,5.988267421722412,48.59590148925781,94.27214050292969,0.001,8.477802276611328,8.862931251525879
10500,8.086275100708008,7.948226451873779,49.32147216796875,88.7271728515625,0.001,8.466675758361816,8.854761123657227
10600,8.897517204284668,8.753267288208008,48.10413360595703,96.14517211914062,0.001,8.455737113952637,8.844660758972168
10700,13.900968551635742,13.773078918457031,46.01203155517578,81.87738037109375,0.001,8.445018768310547,8.835639953613281
10800,11.528331756591797,11.390007019042969,47.87501525878906,90.44937896728516,0.001,8.435186386108398,8.827681541442871
10900,14.593803405761719,14.456727981567383,46.795143127441406,90.28045654296875,0.001,8.422935485839844,8.819319725036621
11000,13.10560131072998,12.973445892333984,46.77827072143555,85.37643432617188,0.001,8.4130220413208,8.81130599975586
11100,13.17867660522461,13.043356895446777,46.50721740722656,88.81282806396484,0.001,8.40178108215332,8.80439567565918
11200,9.757126808166504,9.616588592529297,46.151039123535156,94.38714599609375,0.001,8.394007682800293,8.798360824584961
11300,6.191129207611084,6.058133125305176,47.21622085571289,85.77959442138672,0.001,8.380358695983887,8.788130760192871
11400,6.371028423309326,6.230045318603516,45.46836471557617,95.51454162597656,0.001,8.371207237243652,8.780815124511719
11500,7.295917510986328,7.163033485412598,45.92884063720703,86.95502471923828,0.001,8.360588073730469,8.776410102844238
11600,13.896530151367188,13.763590812683105,46.06129455566406,86.878173828125,0.001,8.347031593322754,8.765033721923828
11700,10.725876808166504,10.596899032592773,45.44557189941406,83.53199768066406,0.001,8.336607933044434,8.756752967834473
11800,28.170005798339844,28.028467178344727,45.5346794128418,96.00381469726562,0.001,8.328234672546387,8.747055053710938
11900,7.253365993499756,7.1193695068359375,44.33434295654297,89.66205596923828,0.001,8.31618595123291,8.7399320602417
12000,8.690019607543945,8.55324649810791,44.58876037597656,92.1843032836914,0.001,8.30644416809082,8.730493545532227
12100,8.509203910827637,8.37115478515625,44.660789489746094,93.38817596435547,0.001,8.297218322753906,8.7211275100708
12200,10.560805320739746,10.417623519897461,45.147865295410156,98.033935546875,0.001,8.284378051757812,8.714701652526855
12300,15.839497566223145,15.709492683410645,45.45719909667969,84.54794311523438,0.001,8.272098541259766,8.7049560546875
12400,5.692146301269531,5.5658698081970215,43.45317077636719,82.82341003417969,0.001,8.261378288269043,8.694693565368652
12500,12.042693138122559,11.906364440917969,44.58765411376953,91.74091339111328,0.001,8.25091552734375,8.691084861755371
12600,7.911642074584961,7.765963554382324,43.98136901855469,101.69680786132812,0.001,8.242005348205566,8.684134483337402
12700,13.406989097595215,13.26958179473877,44.42129135131836,92.986572265625,0.001,8.230111122131348,8.67608642578125
12800,7.599609375,7.45861291885376,44.06829833984375,96.92791748046875,0.001,8.22314167022705,8.666398048400879
12900,8.955641746520996,8.82230281829834,43.19129180908203,90.14772033691406,0.001,8.211386680603027,8.658246994018555
13000,16.2753849029541,16.145658493041992,42.84665298461914,86.87882995605469,0.001,8.203407287597656,8.653157234191895
13100,12.997901916503906,12.873259544372559,41.40687561035156,83.23587036132812,0.001,8.191123008728027,8.645170211791992
13200,10.6069917678833,10.482088088989258,42.100929260253906,82.80258178710938,0.001,8.1825532913208,8.635900497436523
13300,9.67106819152832,9.537242889404297,43.09602355957031,90.72929382324219,0.001,8.170530319213867,8.630337715148926
13400,8.050345420837402,7.921402931213379,43.634422302246094,85.30801391601562,0.001,8.162274360656738,8.624999046325684
13500,6.838874340057373,6.707569599151611,42.63823699951172,88.66656494140625,0.001,8.153054237365723,8.614372253417969
13600,7.8863844871521,7.764651775360107,41.02655029296875,80.70624542236328,0.001,8.139829635620117,8.603341102600098
13700,8.943506240844727,8.815996170043945,40.209144592285156,87.30117797851562,0.001,8.128836631774902,8.596803665161133
13800,8.631902694702148,8.504144668579102,42.244041442871094,85.51441955566406,0.001,8.118902206420898,8.588201522827148
13900,10.419257164001465,10.281984329223633,41.66875457763672,95.60399627685547,0.001,8.110818862915039,8.583518981933594
14000,6.870251655578613,6.747902870178223,40.075897216796875,82.27299499511719,0.001,8.102108001708984,8.574944496154785
14100,8.44671630859375,8.305695533752441,40.709861755371094,100.31167602539062,0.001,8.092143058776855,8.571736335754395
14200,7.772767066955566,7.639765739440918,41.01887512207031,91.98245239257812,0.001,8.081991195678711,8.561726570129395
14300,12.166197776794434,12.02975082397461,42.03894805908203,94.40756225585938,0.001,8.073942184448242,8.554035186767578
14400,13.248260498046875,13.10920238494873,41.642791748046875,97.41476440429688,0.001,8.061811447143555,8.543987274169922
14500,14.399840354919434,14.255260467529297,41.234161376953125,103.34546661376953,0.001,8.051549911499023,8.537498474121094
14600,7.417266845703125,7.291304588317871,38.821529388427734,87.14042663574219,0.001,8.040136337280273,8.527914047241211
14700,8.268295288085938,8.138442993164062,40.69080352783203,89.1615219116211,0.001,8.032547950744629,8.524702072143555
14800,10.016107559204102,9.886955261230469,37.93574523925781,91.21614837646484,0.001,8.02202033996582,8.522122383117676
14900,8.8185396194458,8.700826644897461,38.3427619934082,79.3707046508789,0.001,8.012234687805176,8.514005661010742
15000,10.653295516967773,10.525861740112305,38.10535430908203,89.32831573486328,0.001,8.005578994750977,8.507810592651367
15100,10.90391731262207,10.784955978393555,37.734886169433594,81.22586822509766,0.001,7.993988037109375,8.498095512390137
15200,8.672240257263184,8.54983901977539,38.27210235595703,84.1290054321289,0.001,7.978765487670898,8.482200622558594
15300,13.344877243041992,13.217451095581055,37.98655700683594,89.43930053710938,0.001,7.970101356506348,8.476800918579102
15400,10.172585487365723,10.032557487487793,39.87961959838867,100.14826965332031,0.001,7.961906433105469,8.471514701843262
15500,7.536785125732422,7.403153896331787,38.78733444213867,94.84403991699219,0.001,7.952893257141113,8.461427688598633
15600,11.565056800842285,11.434164047241211,38.37153625488281,92.52207946777344,0.001,7.942584991455078,8.45443058013916
15700,10.882186889648438,10.744729042053223,40.45286560058594,97.00477600097656,0.001,7.930439472198486,8.449021339416504
15800,11.249350547790527,11.122638702392578,37.783058166503906,88.928955078125,0.001,7.922381401062012,8.44186782836914
15900,14.410164833068848,14.294078826904297,36.877723693847656,79.20883178710938,0.001,7.914285659790039,8.43413257598877
16000,10.660181999206543,10.533289909362793,36.93693542480469,89.95553588867188,0.001,7.901246547698975,8.422224998474121
16100,8.747926712036133,8.622079849243164,35.46344757080078,90.38371276855469,0.001,7.89183235168457,8.416264533996582
16200,11.92951774597168,11.811440467834473,36.953697204589844,81.12288665771484,0.001,7.878697872161865,8.404008865356445
16300,13.34782886505127,13.226253509521484,37.164634704589844,84.41053009033203,0.001,7.86748743057251,8.398155212402344
16400,11.175981521606445,11.059552192687988,37.169960021972656,79.25869750976562,0.001,7.860264778137207,8.39315414428711
16500,12.947993278503418,12.82011890411377,35.200164794921875,92.67471313476562,0.001,7.851190090179443,8.3889799118042
16600,9.269139289855957,9.139208793640137,36.210060119628906,93.72038269042969,0.001,7.8401265144348145,8.379659652709961
16700,11.576909065246582,11.444987297058105,36.566978454589844,95.35491943359375,0.001,7.830156326293945,8.374105453491211
16800,16.131086349487305,16.00415802001953,36.96792984008789,89.96086120605469,0.001,7.817887306213379,8.362865447998047
16900,8.862582206726074,8.736408233642578,36.26259994506836,89.91108703613281,0.001,7.810430526733398,8.354190826416016
17000,11.721064567565918,11.586959838867188,37.020599365234375,97.08407592773438,0.001,7.800303936004639,8.348746299743652
17100,12.15832233428955,12.029748916625977,37.91982650756836,90.65341186523438,0.001,7.787683963775635,8.33637809753418
17200,15.089594841003418,14.963924407958984,35.95574951171875,89.71510314941406,0.001,7.779784679412842,8.330175399780273
17300,9.790038108825684,9.670693397521973,35.601165771484375,83.7433853149414,0.001,7.772763729095459,8.32344913482666
17400,15.951362609863281,15.821708679199219,35.08754348754883,94.5665283203125,0.001,7.7629075050354,8.317292213439941
17500,6.907340049743652,6.787014007568359,36.017677307128906,84.30835723876953,0.001,7.7498674392700195,8.307344436645508
17600,10.927266120910645,10.792102813720703,35.169227600097656,99.99382019042969,0.001,7.741462707519531,8.300738334655762
17700,6.302358627319336,6.1548686027526855,35.38008117675781,112.11024475097656,0.001,7.729755878448486,8.294227600097656
17800,9.349769592285156,9.238231658935547,34.115928649902344,77.42253112792969,0.001,7.720526695251465,8.290085792541504
17900,9.395031929016113,9.275910377502441,34.86883544921875,84.2525863647461,0.001,7.710253715515137,8.280662536621094
18000,8.577601432800293,8.465954780578613,34.470542907714844,77.1761703491211,0.001,7.704068183898926,8.274093627929688
18100,6.357853412628174,6.230482578277588,35.33980178833008,92.03089141845703,0.001,7.695379734039307,8.266809463500977
18200,9.222550392150879,9.10383415222168,36.20246124267578,82.51371002197266,0.001,7.684640884399414,8.255600929260254
18300,12.053401947021484,11.932867050170898,35.97165298461914,84.563720703125,0.001,7.675095081329346,8.245451927185059
18400,6.013301372528076,5.901606559753418,34.849525451660156,76.844970703125,0.001,7.664561748504639,8.236300468444824
18500,6.6020426750183105,6.491013050079346,34.90773391723633,76.1219711303711,0.001,7.6547160148620605,8.229314804077148
18600,7.992221355438232,7.878889083862305,35.18111038208008,78.1511459350586,0.001,7.646885871887207,8.220464706420898
18700,9.88033676147461,9.757867813110352,35.31644821166992,87.1529312133789,0.001,7.640213966369629,8.214760780334473
18800,9.768271446228027,9.657726287841797,34.455101013183594,76.09010314941406,0.001,7.630084991455078,8.2092924118042
18900,12.04209041595459,11.925239562988281,34.388427734375,82.46223449707031,0.001,7.622225761413574,8.204573631286621
19000,4.781534194946289,4.669843673706055,33.60643005371094,78.08412170410156,0.001,7.613546371459961,8.20122241973877
19100,12.6901216506958,12.565597534179688,33.97505187988281,90.54942321777344,0.001,7.6040849685668945,8.190520286560059
19200,7.653514862060547,7.534479141235352,34.5709342956543,84.46430969238281,0.001,7.599215030670166,8.187758445739746
19300,7.5631585121154785,7.45327091217041,33.507476806640625,76.38013458251953,0.001,7.587785720825195,8.176143646240234
19400,7.560300827026367,7.440286636352539,33.32495880126953,86.68911743164062,0.001,7.576875686645508,8.170326232910156
19500,8.224677085876465,8.120985984802246,32.97145080566406,70.72016906738281,0.001,7.568525791168213,8.163344383239746
19600,12.334378242492676,12.22366714477539,32.245994567871094,78.46524810791016,0.001,7.561765193939209,8.154128074645996
19700,14.948311805725098,14.83170223236084,32.748374938964844,83.86131286621094,0.001,7.551845550537109,8.147892951965332
19800,7.757786750793457,7.6417436599731445,32.0423583984375,84.00062561035156,0.001,7.543350696563721,8.141844749450684
19900,11.439347267150879,11.30888557434082,31.92030906677246,98.5416030883789,0.001,7.535179138183594,8.136528015136719
20000,12.02061939239502,11.901819229125977,33.348472595214844,85.45181274414062,0.001,7.527307510375977,8.130522727966309
20100,9.720673561096191,9.593503952026367,33.16886901855469,94.00077819824219,0.001,7.514654159545898,8.118867874145508
20200,8.548636436462402,8.43941879272461,32.14795684814453,77.06927490234375,0.001,7.503182411193848,8.110172271728516
20300,8.957738876342773,8.85034465789795,32.56475067138672,74.82955932617188,0.001,7.49604606628418,8.106697082519531
20400,8.969725608825684,8.86138916015625,32.28773498535156,76.04896545410156,0.001,7.483194828033447,8.095473289489746
20500,5.839982986450195,5.729972839355469,32.2871208190918,77.72291564941406,0.001,7.474010944366455,8.090178489685059
20600,8.017322540283203,7.906549453735352,30.84347152709961,79.92941284179688,0.001,7.463581562042236,8.081786155700684
20700,14.624103546142578,14.517667770385742,30.56039047241211,75.87568664550781,0.001,7.455014228820801,8.073674201965332
20800,13.10645866394043,12.997411727905273,32.15529251098633,76.89228057861328,0.001,7.447072505950928,8.070773124694824
20900,11.06717300415039,10.953836441040039,33.21936798095703,80.11711120605469,0.001,7.438099384307861,8.065369606018066
21000,8.871456146240234,8.765810012817383,32.381446838378906,73.26493835449219,0.001,7.429520130157471,8.054948806762695
21100,7.426899433135986,7.318841934204102,32.10987091064453,75.94761657714844,0.001,7.425573825836182,8.05695915222168
21200,7.22272253036499,7.10560417175293,32.83678436279297,84.28157043457031,0.001,7.41403865814209,8.04783821105957
21300,5.9468488693237305,5.844335079193115,32.31475830078125,70.19879150390625,0.001,7.403542995452881,8.037830352783203
21400,5.417498588562012,5.310990333557129,31.84709358215332,74.66134643554688,0.001,7.394920349121094,8.028057098388672
21500,7.640589714050293,7.540199279785156,30.889556884765625,69.50070190429688,0.001,7.384396076202393,8.022370338439941
21600,6.3573150634765625,6.247718811035156,30.957069396972656,78.63897705078125,0.001,7.377687454223633,8.01949691772461
21700,12.757187843322754,12.655693054199219,30.493450164794922,71.00125122070312,0.001,7.367472171783447,8.01441764831543
21800,8.804647445678711,8.687763214111328,30.22327423095703,86.66167449951172,0.001,7.362049102783203,8.0054931640625
21900,9.162812232971191,9.046372413635254,31.07731056213379,85.3621826171875,0.001,7.354683876037598,8.000353813171387
22000,10.10484504699707,9.988992691040039,30.888751983642578,84.96389770507812,0.001,7.343417644500732,7.991750240325928
22100,10.352500915527344,10.235889434814453,31.858112335205078,84.75334167480469,0.001,7.331345558166504,7.983433723449707
22200,9.343901634216309,9.235088348388672,30.323585510253906,78.48960876464844,0.001,7.324410915374756,7.977582931518555
22300,11.545207977294922,11.43698501586914,30.82378387451172,77.39958953857422,0.001,7.316745758056641,7.972121238708496
22400,7.15909481048584,7.045133590698242,30.994583129882812,82.9669418334961,0.001,7.307830810546875,7.964473724365234
22500,6.096902370452881,5.992520332336426,30.672618865966797,73.70942687988281,0.001,7.302026748657227,7.958942413330078
22600,6.494959831237793,6.395517349243164,30.627498626708984,68.81482696533203,0.001,7.293996810913086,7.952480316162109
22700,7.253310680389404,7.150330543518066,29.70305061340332,73.27717590332031,0.001,7.282952785491943,7.946095943450928
22800,10.768887519836426,10.661036491394043,30.42390251159668,77.42724609375,0.001,7.276913166046143,7.942548751831055
22900,10.576912879943848,10.467811584472656,30.220722198486328,78.88023376464844,0.001,7.270009517669678,7.941707134246826
23000,9.028128623962402,8.909760475158691,29.158723831176758,89.2098617553711,0.001,7.259831428527832,7.929317474365234
23100,17.023317337036133,16.90265464782715,29.915132522583008,90.74722290039062,0.001,7.2535600662231445,7.927724361419678
23200,6.4802069664001465,6.353265762329102,29.732820510864258,97.20870971679688,0.001,7.2414703369140625,7.923569679260254
23300,10.948905944824219,10.842591285705566,29.30536651611328,77.00901794433594,0.001,7.234042167663574,7.91491174697876
23400,6.219829559326172,6.111166000366211,28.745342254638672,79.91818237304688,0.001,7.225754261016846,7.908828258514404
23500,10.766226768493652,10.645234107971191,28.586471557617188,92.40599060058594,0.001,7.219573497772217,7.901125431060791
23600,9.932933807373047,9.83423900604248,27.38998794555664,71.30524444580078,0.001,7.2088623046875,7.895256519317627
23700,6.109175205230713,6.003531455993652,28.225114822387695,77.41899871826172,0.001,7.200284957885742,7.887539386749268
23800,9.372370719909668,9.273599624633789,27.84343147277832,70.9273452758789,0.001,7.192328929901123,7.885110855102539
23900,7.889994144439697,7.787193775177002,28.725690841674805,74.07484436035156,0.001,7.182776927947998,7.874489784240723
24000,5.1712646484375,5.063756942749023,30.05332374572754,77.45472717285156,0.001,7.178923606872559,7.872986793518066
24100,8.275928497314453,8.16943359375,29.10834503173828,77.38694763183594,0.001,7.169347763061523,7.8654704093933105
24200,10.875151634216309,10.771147727966309,30.18120574951172,73.82318115234375,0.001,7.160731792449951,7.852668762207031
24300,7.486722469329834,7.379048824310303,29.919384002685547,77.75462341308594,0.001,7.152365207672119,7.84679651260376
24400,7.052412509918213,6.940491676330566,29.432209014892578,82.48863983154297,0.001,7.1425580978393555,7.8366851806640625
24500,6.353261947631836,6.248952865600586,29.821861267089844,74.48736572265625,0.001,7.13566255569458,7.831898212432861
24600,9.407431602478027,9.294402122497559,29.48925018310547,83.54029083251953,0.001,7.123720645904541,7.823196887969971
24700,9.101276397705078,8.993453979492188,29.221704483032227,78.60043334960938,0.001,7.1160969734191895,7.819087505340576
24800,8.890249252319336,8.78350830078125,27.575910568237305,79.16587829589844,0.001,7.108384132385254,7.812227249145508
24900,7.835022449493408,7.735008239746094,27.851104736328125,72.16328430175781,0.001,7.100317478179932,7.809542179107666
25000,6.072793006896973,5.977541923522949,28.006929397583008,67.2440185546875,0.001,7.093223571777344,7.804425239562988
